"","substance.name","CAS","RSD_upr","RSD_lwr","Css.upr_medpbtk.plasma.uM","Css.upr_95pbtk.plasma.uM","Css.lwr_medpbtk.plasma.uM","Css.lwr_95pbtk.plasma.uM"
"1","BENZO(A)ANTHRACENE","56-55-3",0.001,1e-05,"0.000288985765336266","0.00327435695673017","2.88985765336266e-06","3.27435695673017e-05"
"2","HEXACHLOROCYCLOHEXANE, GAMMA-","58-89-9",9.09e-05,9.09e-07,"0.000523951870125186","0.00890290078636889","5.23951870125186e-06","8.90290078636889e-05"
"3","HEPTACHLOR EPOXIDE","1024-57-3",1.1e-05,1.1e-07,NA,NA,NA,NA
"4","DI(2-ETHYLHEXYL)PHTHALATE","117-81-7",0.00714,7.14e-05,NA,NA,NA,NA
"5","BENZO(B)FLUORANTHENE","205-99-2",0.001,1e-05,"0.000889989621785212","0.0129301457259678","8.89989621785212e-06","0.000129301457259678"
"6","DDD, P,P'-","72-54-8",0.000417,4.17e-06,"0.0195797421838857","0.0504064811263988","0.000195797421838857","0.000504064811263988"
"7","CRESOL, PARA-","106-44-5",0.005,5e-05,"0.00102238892932689","0.00677400883273217","1.02238892932689e-05","6.77400883273217e-05"
